Date,Open,High,Low,Close,Volume
2021/9/30,150.5,150.5,147.1,148.2,2791291
2021/9/29,151,152,147.4,148.5,5068845
2021/9/28,153,153,144.7,146.9,9182345
2021/9/27,145,150,144.3,149.2,6707092
2021/9/24,143,146.5,141,143.2,8561031
2021/9/23,140,140.1,137.9,138.9,3386449
2021/9/21,141,141.5,137.5,138.6,4382508
2021/9/20,138.3,139.4,137,137.8,3800464
2021/9/17,139.5,141.5,137.5,139.9,4027757
2021/9/16,143,143.1,137.2,137.9,5845259
2021/9/15,135.9,144.5,134,143.1,5292998
2021/9/14,136,141.5,136,137.1,9203112
2021/9/13,136,136.4,133.1,133.4,10827466
2021/9/10,145.3,146.3,141.1,141.7,5444958
2021/9/9,145,147.4,145,146.5,4028043
2021/9/8,150,152,146.8,148.7,5092738
2017/6/9,142.3,148.8,142,147.4,4595437
2017/6/8,142,144,141.1,141.5,3572840
2017/6/7,147.9,148.8,142.6,143.2,5548614
2017/6/6,139,145.5,138,144.9,3915672
2017/6/5,140,140,135.1,137.2,3830236
2017/6/2,139.5,142.3,137.3,138.3,5666467
2017/6/1,132.1,137.9,132.1,137.8,5985152
2017/5/31,127.4,130.7,127.4,129.8,3964754
2017/5/29,128.5,128.5,126,126.7,1947593
2017/5/26,131,131.6,126.5,128.7,3085967
2017/5/25,128.9,131.8,128,130.5,5170844
2017/5/24,125.1,127.5,125.1,126.6,5816142
2017/5/23,125.9,125.9,122.5,124.4,3208482
2017/5/22,123.5,124.3,122,122.5,2794051
2017/5/19,125.4,125.4,122,122.9,3250592
2017/5/18,127.2,128,125.3,126.1,2833436
2017/5/17,124.5,126.9,124.1,125.3,3201936
2017/5/16,125.4,126.4,121,122.3,3748814
2017/5/15,130,130,125.3,127.2,2798924
2017/5/12,130,131.8,128.2,128.4,4015011
2017/5/11,129.3,129.6,128.2,129.2,2032302
2017/5/10,128,129,127.1,128,2198689
2017/5/9,128.1,129.9,126.9,128,2605850
2017/5/8,130,130,126.1,126.3,3632445
2017/5/5,126.7,129.7,126.5,129.2,4880213
2017/5/4,124.3,126.1,123.5,125.5,4366845
2017/5/2,127.3,128,123.1,124.3,2077558
2017/4/28,124.5,128,124,126.9,3215907
2017/4/27,128,128.2,124.9,126,3898591
2017/4/26,129.2,130.7,128.5,128.7,2170777
2017/4/25,130.8,130.8,127.6,129,3259773
2017/4/24,128,130,125.9,128.5,3777947
2017/4/21,123.3,129.8,123.2,128,4358799
2017/4/20,115.2,122.8,115.2,122.3,5479186
2017/4/19,113.5,116.5,113.5,115,3221660
2017/4/18,115,115.3,112.6,114.7,2305898
2017/4/13,115,116,113.1,115.4,2801561
2017/4/12,112.6,116.3,112.1,115.3,4481774
2017/4/11,114.5,115.7,112.9,115.3,3124797
2017/4/10,118.4,119,113.5,114.5,3331834
2017/4/7,118.1,120.6,117.8,118.4,2042941
2017/4/6,118,119.5,117.3,118.4,3057178
2017/4/5,118,120.6,117.9,120,5350129
2017/4/3,113.4,116.3,113,115.2,4348061
2017/3/31,113.4,114.4,111.6,112.7,2896411
2017/3/30,114.7,115,111,112.1,5771080
2017/3/29,117.5,117.6,111.1,114.7,6661010
2017/3/28,116,117.5,114,115.1,5165255
2017/3/27,119,119,114.8,118.7,6610565
2017/3/24,117.7,122.7,117.1,118,9453533
2017/3/23,114.7,115.6,112.5,113.1,5467889
2017/3/22,111.8,119.6,111.8,117.5,5861426
2017/3/21,110,111.9,107.6,111.2,4180871
2017/3/20,109.9,109.9,106,106.7,3758301
2017/3/17,108,109.6,105.3,109.3,3165736
2017/3/16,111.7,111.8,106.6,108.4,3027401
2017/3/15,110,113,109.7,110.3,3961627
2017/3/14,106,114,105.6,109.9,5575629
2017/3/13,103.5,106.2,103,104.6,3418418
2017/3/10,105,106,102.5,102.6,3973976
2017/3/9,102.8,104.7,102.3,103.5,4653381
2017/3/8,102.5,103.6,101,103.4,4960264
2017/3/7,103,103.4,101.8,102.6,3441569
2017/3/6,105,105.2,101.5,103.5,3114564
2017/3/3,101.6,103.6,100,103,4113569
2017/3/2,100.5,101.7,99.85,99.9,5565684
2017/3/1,105,105,99.8,100.5,9714407
2017/2/28,101,106.9,101,106.5,5504774
2017/2/27,93,99.9,91.6,98.5,4680393
2017/2/24,95.3,95.3,91.5,92,2634082
2017/2/23,90.6,92.5,90.6,92,3158908
2017/2/22,87.8,90,87.65,89.95,3164438
2017/2/21,89,89,86.5,87.05,3441581
2017/2/20,91.65,91.65,88.8,90.3,3438783
2017/2/17,92,92,90.25,91.65,2711920
2017/2/16,89.05,92.35,87.9,91.9,3396918
2017/2/15,86.55,90.65,86.55,89.3,2444111
2017/2/14,89.5,89.5,86.05,87.55,2001632
2017/2/13,89,89.95,88,88.75,2996955
2017/2/10,92.25,92.6,88.15,89.55,4312636
2017/2/9,94.45,94.45,89.35,90.45,5755434
2017/2/8,94.3,95.75,93.6,94.55,1976059
2017/2/7,93.25,94,92.05,93,2532119
2017/2/6,91.6,93.5,91,92.8,4131356
2017/2/3,85.45,91.2,85.2,90.05,6539034
2017/2/2,86,86.4,84.9,85.2,8195523
2017/2/1,91,92.9,88.3,88.9,4707825
2017/1/27,84.95,90.8,84.5,90.5,4161855
2017/1/26,87.2,87.2,84.5,85.65,6153314
2017/1/25,88.5,89.2,87.05,87.2,3950660
2017/1/24,87.65,90.3,86.9,89.35,5119535
2017/1/23,88.6,90.15,88.6,89.2,3423426
2017/1/20,91.45,91.45,88.85,89.8,1836360
2017/1/19,90.95,90.95,89.1,90.3,4828811
2017/1/18,85.8,89.95,85.8,89.3,4549707
2017/1/17,89.6,90,83,85.7,4999673
2017/1/16,91,91.9,88.2,89.6,2888660
2017/1/13,92.5,92.5,89.95,90.95,7635454
2017/1/12,91,91,88.05,89.9,5851295
2017/1/11,85.5,89.7,85.3,88.95,5062405
2017/1/10,87.5,88.1,83.8,84.3,5850774
2017/1/9,84.7,85.7,83.65,85.6,4875741
2017/1/6,81.5,87.4,80.5,86.4,8165692
2017/1/5,76.95,81.7,76.8,80.7,6377190
2017/1/4,77.7,77.85,74.5,76.35,3344924
2017/1/3,78.15,79.05,77.6,78.25,1994390
2016/12/30,80,80.55,77.5,77.9,3012967
2016/12/29,78.95,80.3,78.95,80,1776795
2016/12/28,78.25,81.7,78.25,79.45,3823279
2016/12/23,81.5,81.8,79.15,79.4,4219242
2016/12/22,77.3,80.8,77.3,80.5,4420813
2016/12/21,82.5,83.15,77.9,79.55,10141559
2016/12/20,76.8,82,75.6,79.95,8711555
2016/12/19,71.7,74.05,71.1,72.8,2675893
2016/12/16,69.3,72.5,69.3,71.25,4885606
2016/12/15,71.5,73.5,70,71.3,3557096
2016/12/14,72,75,71.25,73.5,3883425
2016/12/13,73.6,74,71,73.9,5234081
2016/12/12,71.3,74,70.85,73.55,5514790
2016/12/9,74.2,75,72.7,73.8,6722073
2016/12/8,70.6,75,70.1,74.2,8373933
2016/12/7,68,70,67.7,69,4365251
2016/12/6,64.5,67.15,64.5,66.9,3206467
2016/12/5,65.2,67.5,64,65.15,4659934
2016/12/2,65,66.1,63.5,65.35,2991700
2016/12/1,66,66,64.25,65.95,2214632
2016/11/30,63.8,65,62.85,64.7,2559498
2016/11/29,64.5,66.4,61.3,63.2,5750422
2016/11/28,60.5,64.45,60.5,64,3700405
2016/11/25,65.2,65.2,63.2,63.9,4124317
2016/11/24,66.95,66.95,65,65.8,5720079
2016/11/23,62.25,64.5,61.7,64.3,4816993
2016/11/22,61.4,61.75,60.5,61.55,4528530
2016/11/21,61,62.05,60.1,61.75,4354214
2016/11/18,61.55,62.25,61,61.8,3480493
2016/11/17,62.85,62.85,58.8,61.55,4876983
2016/11/16,62,62.9,60.5,62.85,4976068
2016/11/15,60.5,61.8,59.6,61.8,3752448
2016/11/14,60.6,60.85,58.2,59.45,3718137
2016/11/11,59,60.8,59,60.3,4406000
2016/11/10,58.1,60,57.4,58.7,4485893
2016/11/9,57.8,58.8,57.15,57.4,5808856
2016/11/8,57,59.85,56.2,57.5,4990665
2016/11/7,56.7,57.45,53.8,57.3,6536293
2016/11/4,55.3,56.45,54.75,55.5,5529815
2016/11/3,56,58.3,55.05,55.2,6138304
2016/11/2,58,59.2,56.65,58.55,8004071
2016/11/1,53.05,56.3,53.05,55.7,5949701
2016/10/31,53.2,54,51.65,52.8,3908513
2016/10/28,54,55.45,52.4,53.2,9673504
2016/10/27,54,54,51.2,52,3800676
2016/10/26,53.8,53.8,51.5,52.75,5350744
2016/10/25,52.2,54.8,52.2,54.4,6459467
2016/10/24,49.5,51.95,49.4,51.6,4378200
2016/10/20,48.1,49.5,48.1,49.2,3767456
2016/10/19,47.55,49.15,47.55,48.05,6352871
2016/10/18,47.25,47.5,46.25,47,5253760
2016/10/17,47.8,48.6,47.1,47.25,5300598
2016/10/14,47,49,46.5,46.5,5670959
2016/10/13,46.85,48.2,45.6,47.4,6778047
2016/10/12,43.45,46.45,43.45,45.5,3746523
2016/10/11,48.95,48.95,44,44.2,3397324
2016/10/7,43.75,44.8,43.5,44.15,2587077
2016/10/6,45.35,46.3,44.95,44.95,2190665
2016/10/5,45.7,46,44.75,45.4,3944731
2016/10/4,46.05,46.05,44.8,45.5,4075959
2016/10/3,46.4,46.4,44.55,45,3399184
2016/9/30,46.45,47,45.15,46.65,3213422
2016/9/29,45.4,46.6,45.35,45.65,1885412
2016/9/28,46.1,47.4,45.95,47.15,2086131
2016/9/27,48,48,45.35,46.1,2127767
2016/9/26,46.8,47.1,45.7,45.75,2921659
2016/9/23,50.1,50.1,47.95,48.3,1579779
2016/9/22,47.95,49.2,47.95,48.7,2887851
2016/9/21,48.35,50.8,47.8,47.95,5421075
2016/9/20,46.75,49.2,46.5,48.1,6081839
2016/9/19,45.65,47.1,45.25,47,5643150
2016/9/15,47.4,47.4,45.1,45.1,4084013
2016/9/14,44.6,47.8,44.6,45.85,3962149
2016/9/13,46,46.2,43.5,43.8,8438869
2016/9/12,47.5,47.9,45.35,45.8,2198800
2016/9/9,47.8,47.8,46.4,46.65,2138013
2016/9/8,48.4,48.4,46.55,47.05,5920430
2016/9/7,46.95,48.45,46.8,48.4,5068840
2016/9/6,47.55,47.85,46.4,47.5,7683043
2016/9/5,45,45.3,43.9,44.25,2228624
2016/9/2,46.2,46.7,45.3,45.95,2057515
2016/9/1,44.6,46.9,43.8,46.2,4539105
2016/8/31,43.2,45.1,42.65,44.9,2233300
2016/8/30,42,44.85,42,44.5,3334231
2016/8/29,43,43.8,41.8,42.85,4089434
2016/8/26,42.25,42.6,41.45,41.8,7676721
2016/8/25,43.95,44.7,43.1,44.2,3838103
2016/8/24,43.1,44.95,43.1,43.95,4526600
2016/8/23,44,45.45,43.7,45,6902279
2016/8/22,45.1,45.6,42.25,43,11304440
2016/8/19,48.5,48.5,44.1,45.8,16662808
2016/8/18,52.5,52.5,49,49,9145871
2016/8/17,51.8,51.85,50.35,50.95,5936907
2016/8/16,52.1,53.5,51.45,52.4,3256303
2016/8/15,50,52.5,50,52,3377421
2016/8/12,50.5,50.8,49.05,50,1929741
2016/8/11,51.3,51.3,49,49.5,4085508
2016/8/10,49.6,50.65,47.1,50.45,4022772
2016/8/9,46.3,50.8,46.3,49.85,1150600
2016/8/8,48.95,48.95,48.1,48.5,2766982
2016/8/5,52,52.55,48.85,49,2717249
2016/8/4,51.7,51.95,49.4,51,3543400
2016/8/3,52.15,53,50.65,51.25,3564573
2016/8/1,50.2,52.35,50,51.8,12403693
2016/7/29,47.9,49.35,47,48.5,5034380
2016/7/28,50.05,50.15,46.7,47,5588120
2016/7/27,48.2,48.2,45.9,46.75,4956162
2016/7/26,49.95,49.95,45.45,48.15,7879401
2016/7/25,48.7,50.5,48.7,50,7315830
2016/7/22,48.95,50.5,48.5,48.7,8614094
2016/7/21,45.35,49,45.35,48,8115346
2016/7/20,44.75,45,44,44,3203916
2016/7/19,46.3,46.45,42.7,43.4,3502329
2016/7/18,43.4,45.95,43.4,45,6702089
2016/7/15,41.8,44.25,41.5,43,4733000
2016/7/14,42.5,44.3,41.5,43.5,4584156
2016/7/13,43.2,43.5,42.5,42.5,10090793
2016/7/12,41,42.15,40.1,41.9,11726501
2016/7/11,41,41.5,38.3,39,10777687
2016/7/8,42,44.3,41.5,41.5,9504145
2016/7/7,39.95,40.65,39.5,40.05,10046797
2016/7/6,39.7,43,38.85,40,13378708
2016/7/5,42.75,43.1,40.3,40.55,13252479
2016/7/4,47.95,48,45,45,6835915
2016/6/30,48.65,48.75,45.1,47.2,6902542
2016/6/29,49,50,48.1,49.9,4371814
2016/6/28,49,50.85,48,50.15,4288563
2016/6/27,49,49,46.65,47.2,9422400
2016/6/24,53.5,54.5,49.1,51,4795971
2016/6/23,54,54,51,51.1,6045700
2016/6/22,54.9,57.15,52.95,54.5,3864400
2016/6/21,46,52.6,46,52,3994600
2016/6/20,49.85,50.1,48.25,48.25,2842030
2016/6/17,54,55,51.5,52.5,4733617
2016/6/16,55,55,51.45,52.3,3162800
2016/6/15,58.2,58.2,54,55.4,4590650
2016/6/14,53.9,55,52.15,55,7647112
2016/6/13,53.5,53.5,51.25,52.7,9095225
2016/6/10,45,49.5,45,49.05,10967040
2016/6/8,40,45.7,38.4,44.05,13230375
2016/6/7,43.8,44.5,35.25,38,8613570
2016/6/6,46.2,47.35,43.45,43.95,8843393
2016/6/3,47.05,51,46.5,48.2,4448500
2016/6/2,52.8,53.2,48.85,48.85,4819400
2016/6/1,53.2,55.5,50.55,53.35,5456149
2016/5/31,49.8,55,49.8,53.85,4254364
2016/5/30,55.5,56.3,49.6,49.75,7842834
2016/5/27,49,53.15,49,53.15,8346549
2016/5/26,54,54.95,51.15,52,3965473
2016/5/25,55,56.3,52.9,54,10318864
2016/5/24,49.15,51.65,45.1,51.15,5386834
2016/5/23,42.2,46.5,41.6,45.1,13091599
2016/5/20,44.6,46.8,44.5,46.5,7749900
2016/5/19,45.5,47.45,44.55,45,16916567
2016/5/18,48.95,49.4,48.05,48.1,8342620
2016/5/17,54.2,55,51,51,9344351
2016/5/16,53,55.3,53,54,5147517
2016/5/13,50,55.95,49.4,55.5,7164416
2016/5/12,57,57.3,54.1,54.35,6499169
2016/5/11,58,58,55,56.6,2475952
2016/5/10,58.75,59.8,57.35,58,3148075
2016/5/9,58,59.1,56.35,58.7,5058746
2016/5/6,58.35,60.95,57.5,57.5,4775378
2016/5/5,62,62.6,60,62.05,6388887
2016/5/4,63,63.5,58,61,13313837
2016/5/3,52,58.2,46.9,57,12621823
2016/4/29,58,59.5,54,54,5873123
2016/4/28,58.5,58.8,56.05,56.05,7077127
2016/4/27,58,61.4,58,60.35,5820450
2016/4/26,59.05,60.05,57,57.5,6537165
2016/4/25,62.6,62.6,59,59,4749843
2016/4/22,63.45,63.55,61.55,63,4375849
2016/4/21,62.8,64.3,62.5,64.3,7020146
2016/4/20,60,60.3,57.05,59.65,12448517
2016/4/19,66,66,62.3,63.05,7420250
2016/4/18,67,69.8,67,67.15,3435972
2016/4/15,67.5,68.15,66.35,68.15,1981986
2016/4/14,67,67.9,66.15,67.5,2949762
2016/4/13,66.5,68.3,66.5,67,6272130
2016/4/12,64.9,66.05,64.3,65.45,3155818
2016/4/11,65.05,67,63.1,64.35,2871090
2016/4/8,67,67,64.95,66.3,1094243
2016/4/7,66.5,67.65,65.95,67.55,2355007
2016/4/6,63.5,64.8,63,64.4,2517293
2016/4/5,63.2,64.05,62.85,63.4,5091768
2016/4/1,66,67.8,64.7,65.15,2370997
2016/3/31,65.3,66,64.05,66,2391220
2016/3/30,65.05,65.4,62.2,63.7,3551638
2016/3/29,67.5,67.95,64.15,65,8339450
2016/3/24,64,66.3,63.9,66,4496958
2016/3/23,67.4,67.5,65,65,3874617
2016/3/22,67.05,68.4,66.85,67.45,2178790
2016/3/21,70,70,65.85,66.6,4040748
2016/3/18,69.6,69.65,67.25,69.55,3619690
2016/3/17,69.35,69.55,66.8,67.1,2668553
2016/3/16,71.95,71.95,69,69.35,1631961
2016/3/15,68,71.9,68,71.75,2832399
2016/3/14,68.85,69.55,67.8,69.55,1794861
2016/3/11,68.3,69.8,67.8,67.8,4061146
2016/3/10,65,68.9,64.15,67.7,3686694
2016/3/9,67.1,67.8,65.1,65.1,1604611
2016/3/8,68,70,66,66.7,2528100
2016/3/7,68.9,69.8,67.75,68.55,3626100
2016/3/4,67.8,68.2,66.5,67.55,4758152
2016/3/3,65,65.6,64.3,64.6,693200
2016/3/2,63.6,65.5,63.6,65.5,2594657
2016/3/1,61.8,63.2,61.4,63,2313300
2016/2/29,61.2,62.5,61.15,61.4,2961050
2016/2/26,60,60.6,58.8,59.4,3010844
2016/2/25,61.3,61.3,58.3,60,7287630
2016/2/24,64.35,65.35,61.3,61.6,5433460
2016/2/23,65.5,65.6,63.8,65.6,1978111
2016/2/22,65,65.55,64.4,65.15,2361350
2016/2/19,62.7,65.5,62.7,65,3917700
2016/2/18,62,63.55,60.75,62.25,3395203
2016/2/17,61.2,63.15,60.95,63.15,3353645
2016/2/16,59,60.3,58.25,60,2963900
2016/2/15,57.6,61.35,57,59.5,5192842
2016/2/12,59.3,60.3,58,58,4862259
2016/2/11,61.75,62,60.1,60.3,2580525
2016/2/5,60.1,60.1,58.8,60,6748455
2016/2/4,62.5,63.2,61.2,61.95,4243700
2016/2/3,64,64.05,61.85,62.7,2192000
2016/2/2,61.1,64.5,60.8,63,4065524
2016/2/1,61,62.8,60.6,62.75,3853000
2016/1/29,61.5,65,61.5,62.9,3594723
2016/1/28,65.4,65.4,61.8,61.8,5617626
2016/1/27,63,66.2,63,66,3774328
2016/1/26,63.5,63.9,61.9,63,4003050
2016/1/25,62.1,66.8,62.1,63,2990584
2016/1/22,60.55,63.95,60.55,62.1,5334540
2016/1/21,61.4,62.15,59.5,61.85,8064542
2016/1/20,65.35,65.5,63.9,64,7303628
2016/1/19,66.8,66.9,64.15,64.15,10196086
2016/1/18,71.75,71.95,67.5,68.4,25757489
2016/1/15,71.5,71.5,70.05,71,7198823
2016/1/14,71,72.05,69.4,71.75,9173455
2016/1/13,69.45,71.9,66.7,71,10894777
2016/1/12,67.5,69.1,66.85,69.05,16753019
2016/1/11,68.85,69.9,65,65.7,44293102
2016/1/8,63.85,68.3,63.85,68.1,8479046
2016/1/7,67.1,67.1,63.55,63.55,5358925
2016/1/6,68.4,68.4,66.3,66.3,4075403
2016/1/5,69,69,66,67.15,3238158
2016/1/4,66,69.65,65.1,67.2,5154835
2015/12/31,63.9,65.25,62.9,64.6,3935400
2015/12/30,63.5,65.3,63,64.6,4606297
2015/12/29,65.25,65.45,63.35,63.6,6412293
2015/12/28,65,67.95,64.5,65.45,4617425
2015/12/24,68.5,69.3,66.5,66.95,7380794
2015/12/23,67.9,70.9,67.8,69.85,14838797
2015/12/22,63.65,65,62.75,64.75,10106630
2015/12/21,60.6,64.8,60,62.65,11207698
2015/12/18,55.1,57.8,55.05,57.6,4663350
2015/12/17,55.8,55.8,53.95,54.55,3158460
2015/12/16,57.25,57.55,55.5,55.8,4378937
2015/12/15,57,57.35,55.35,56.55,4702475
2015/12/14,56.5,57.95,56.2,57.2,3434925
2015/12/11,53,56.45,53,56.05,4245368
2015/12/10,52.8,53,51.45,51.7,3560300
2015/12/9,53.85,54,52.05,52.5,5824774
2015/12/8,54.5,54.8,53.7,54.05,1051192
2015/12/7,55,55,53,54.5,2626628
2015/12/4,53,55.4,52.75,53.05,3059124
2015/12/3,53.8,54.1,52.7,52.75,2361400
2015/12/2,53,54.3,52.55,54.1,4030093
2015/12/1,51.6,53.85,51,52.8,6668358
2015/11/30,48.6,50.8,48.6,49.6,4569085
2015/11/27,47.2,48.9,47.2,48.1,4742212
2015/11/26,46.45,47.5,46.1,46.85,3240433
2015/11/25,46.7,47.15,46,46.45,3527880
2015/11/24,46,47.45,46,46.6,2587300
2015/11/23,47.5,48.15,46.25,46.5,2618475
2015/11/20,47.3,48.05,46.8,46.9,1623655
2015/11/19,47.5,48.05,46.55,47,1599000
2015/11/18,50,50.2,47.25,48.1,4456635
2015/11/17,49,49.9,48.2,48.6,3501515
2015/11/16,46,48,45.8,48,3345600
2015/11/13,46.4,46.8,45.7,46,5308905
2015/11/12,45.85,45.85,44.5,45,5989281
2015/11/11,45,45.15,43.8,44.35,6313630
2015/11/10,44,46.5,43.65,45.6,3188800
2015/11/9,44.6,44.65,43.2,44.3,4303064
2015/11/6,42.65,44.5,42.65,44.5,4165333
2015/11/5,41,44.5,41,42.65,4850311
2015/11/4,39.1,40.05,34,39.1,14407500
2015/11/3,41.6,42.35,41,41.15,9897897
2015/11/2,41.8,43.35,37.6,38.8,8786137
2015/10/30,45.05,46,42.5,43.4,3370088
2015/10/29,47.7,49,46,46.8,2585230
2015/10/28,48.85,48.85,43,47.7,1993593
2015/10/27,50,50,48.9,48.9,3507388
2015/10/26,48.05,49.4,47.95,48.25,3799600
2015/10/23,46.5,48.15,45.8,48.05,4204634
2015/10/22,47,47.8,46.65,46.95,2511100
2015/10/20,48,48.5,47.5,47.7,2123650
2015/10/19,48.5,48.5,47.1,48.05,2239536
2015/10/16,48,49.2,47.5,48.5,3131365
2015/10/15,49.55,49.55,48.5,49.05,1528187
2015/10/14,49,49.75,48.65,49.6,2166850
2015/10/13,49.85,50.6,49,49.3,3103150
2015/10/12,50,50.55,49.1,49.85,3032164
2015/10/9,47.9,50,47.6,50,2770750
2015/10/8,46.9,48.05,46.8,48,1375400
2015/10/7,48.2,48.3,47,47.2,2359967
2015/10/6,48.2,49.35,47.95,48.5,1816200
2015/10/5,49.6,50.1,47.1,47.5,1063544
2015/10/2,49.9,50.3,49.4,49.55,1236575
2015/9/30,50,50.7,48.25,49.95,1535290
2015/9/29,47.4,50,46.85,49.9,2379883
2015/9/25,49,49.5,47.8,48.3,4957200
2008/2/13,47.6,47.95,46.4,46.7,2031200
2008/2/12,48.3,48.3,46.35,46.6,1198288
2008/2/11,49,49,45.9,46.5,1043117
2008/2/6,47.9,47.9,46,46.75,2884000
2008/2/5,49.2,49.3,47.5,49.05,2268526
2008/2/4,50.5,53.05,48.65,49.2,5812074
2008/2/1,46.95,48.5,46.05,47.45,4170351
2008/1/31,46,47.15,45,46.05,4311425
2008/1/30,48.35,48.35,44.65,45.4,2000242
2008/1/29,47,47.25,44.9,46.5,2824756
2008/1/28,48,48.6,45.65,46.95,2922631
2008/1/25,49,50.3,47.9,49.05,3977493
2008/1/24,45,49.7,44.95,46.85,6089871
2008/1/23,47.5,47.75,41.55,44.2,4453945
2008/1/22,41,42.9,39.7,41.55,9971728
2008/1/21,48.3,48.3,45.4,45.6,2582850
2008/1/18,48.8,49.75,46.55,48.35,4697572
2008/1/17,49.2,52.9,47.8,50.1,6291645
2008/1/16,51.9,51.9,49.35,50.2,5837940
2008/1/15,57.05,57.65,53,53.35,4512836
2008/1/14,58.5,59.05,56,56.15,2479594
2008/1/11,59.7,60,58.5,58.85,1796200
2008/1/10,56.4,59.85,56.05,59.6,3023636
2008/1/9,59.2,59.2,56.05,58.1,4239000
2008/1/8,60,60.35,58.2,58.9,4877200
2008/1/7,60.9,60.9,59,60,2953701
2008/1/4,57.75,62.2,57.75,62.1,4795780
2008/1/3,56.95,59.5,56.8,58.5,1855981
2008/1/2,59.2,59.2,57,57.7,1470600
2007/12/31,56,60,55.8,59.05,1290000
2007/12/28,55.5,56.1,54.35,56,1231200
2007/12/27,56.1,56.1,54.55,54.7,1111500
2007/12/24,55.7,56.15,55.05,55.55,634340
2007/12/21,55,56.6,54.9,55.05,1193494
2007/12/20,52.75,55,52.25,54.7,1639064
2007/12/19,53.2,54.3,51.5,52.25,2342337
2007/12/18,55.2,55.3,51.8,52.65,4128760
2007/12/17,56,58,54.65,55.5,2571900
2007/12/14,58,58.1,55.45,56.4,1118600
2007/12/13,55,58.35,55,58,2690101
2007/12/12,56.9,56.9,54.8,56.3,1907621
2007/12/11,56,58.5,55.5,56.95,2415753
2007/12/10,59,59,55.85,55.9,974885
2007/12/7,59.2,59.9,57,57.35,2605630
2007/12/6,58,59.25,57.55,58,2934537
2007/12/5,57,57,55.75,56.5,2767400
2007/12/4,56,57,54.5,55.4,3438392
2007/12/3,58.7,60.4,55.6,56,6040535
2007/11/30,56.3,58.5,56.3,58.2,4724532
2007/11/29,52.8,56.4,52.8,55.5,6365461
2007/11/28,51.6,52.9,51.15,51.6,3101500
2007/11/27,50,50,48.3,49.2,2813272
2007/11/26,50.5,50.65,49.2,49.65,1030000
2007/11/23,49.8,49.8,48,48.25,3442120
2007/11/22,50.2,50.45,48.4,48.95,2807225
2007/11/21,52.8,54,49.95,50.25,2966000
2007/11/20,52,53.3,50.05,52.15,5878634
2007/11/19,55.2,55.8,52.9,53.1,3702000
2007/11/16,56.5,56.5,54.6,55.2,3049000
2007/11/15,58,58,56.45,56.9,6409236
2007/11/14,58,58,54.65,55.65,8880467
2007/11/13,50,54.95,46.15,52,6275343
2007/11/12,52.7,52.7,46.6,51.7,7941400
2007/11/9,55.65,55.65,52.6,53.75,5586250
2007/11/8,53,55.1,52,54.6,8803763
2007/11/7,62,62.5,55,56.4,9628200
2007/11/6,65,65,54,60,10859000
2007/11/5,65,67,63.4,64.95,7967720
2007/11/2,63.6,65,62.8,64.1,7466001
2007/11/1,65.7,67.2,62.5,65.8,8315000
2007/10/31,69.5,69.8,64.5,65.7,8222100
2007/10/30,69,72.8,68,70.1,8113280
2007/10/29,65,69.7,64.85,68,5420267
2007/10/26,60,63.85,59.9,63.4,5088040
2007/10/25,59.2,59.5,56.65,59.25,3175156
2007/10/24,58,59.6,56.5,57.1,2864475
2007/10/23,56,58,55.9,57,2602393
2007/10/22,54.75,56.5,54.75,55.05,6066219
2007/10/18,58.4,58.55,56,57.75,3753563
2007/10/17,59.5,59.5,56.55,58.1,7825100
2007/10/16,55.85,60.2,55.85,58.8,10733359
2007/10/15,55,55.5,53.9,54.95,5933500
2007/10/12,54.6,54.7,52.3,53,6606498
2007/10/11,56,56.25,54.3,55.45,5731441
2007/10/10,51,57.4,51,56.95,15851386
2007/10/9,47,50.65,45.6,49.75,8462194
2007/10/8,46,48.65,45.55,46.2,3861000
2007/10/5,46,46,44.4,45.7,3831003
2007/10/4,45.9,46,43.85,44.65,6255000
2007/10/3,49.6,50.1,45.5,45.9,6209220
2007/10/2,51.2,51.95,46.85,48.9,5208139
2007/9/28,49.8,50.5,48.95,50.2,5503985
2007/9/27,45.5,49.8,45.35,49.5,6738487
2007/9/25,46.8,47.5,45.2,45.5,3097700
2007/9/24,47,47.85,46.05,46.25,2229212
2007/9/21,47.4,48,44.5,45,1938035
2007/9/20,44.8,47.65,44.6,46.65,5931570
2007/9/19,44.55,45,42.6,44.3,5437732
2007/9/18,41.5,42.55,40.65,42.45,2278789
2007/9/17,43,43,41.1,41.6,3710092
2007/9/14,39.5,42.15,39.5,41.05,4333500
2007/9/13,39,39.5,39,39.5,2542500
2007/9/12,40,40.4,38.95,39,2526543
2007/9/11,39.6,39.9,39,39.3,1467500
2007/9/10,38.5,40.35,38.5,40.1,2592738
2007/9/7,41.05,41.25,40.15,41.2,2584812
2007/9/6,41.1,42.15,40.7,41,2019882
2007/9/5,40.5,43.1,40.4,42.65,3159623
2007/9/4,40.8,41,39.7,39.8,2196606
2007/9/3,41.4,41.55,39.5,39.8,2758542
2007/8/31,39.1,40.5,38.9,40.5,3897167
2007/8/30,38.1,39.5,37.9,39,4872281
2007/8/29,35.8,37.2,35.75,36.9,2982820
2007/8/28,38.5,38.5,37.5,37.6,4933340
2007/8/27,35.3,37.7,35.2,37.15,2974315
2007/8/24,35.95,36.3,35.1,35.3,1889415
2007/8/23,38,38.3,35.55,35.85,2447795
2007/8/22,35.2,37.8,35,37,4669540
2007/8/21,34,35.6,33.85,35.2,3091525
2007/8/20,32.4,34.3,32.4,34.05,3827346
2007/8/17,32,32.1,28.5,30.3,8667785
2007/8/16,33.1,33.4,31.55,32.4,5662955
2007/8/15,33.8,34.05,32.45,33.1,2168559
2007/8/14,34,34.85,33.95,34.2,1515600
2007/8/13,34.6,34.8,33.8,34,2710424
2007/8/10,34.5,35,33.5,35,943000
2007/8/9,34.05,36.05,34.05,35.15,2658397
2007/8/8,33.4,35,33.4,33.9,3518292
2007/8/7,33.5,34.35,32.8,33.4,3299000
2007/8/6,34.2,34.5,32,32.8,2856000
2007/8/3,34.7,34.75,34,34.6,2550550
2007/8/2,35.25,35.8,34.3,35.05,1736901
2007/8/1,36.2,36.5,34.5,35.2,1937500
2007/7/31,34.2,36.4,34.1,36.2,2248570
2007/7/30,34.35,34.6,33.65,34.2,2727517
2007/7/27,34.5,35.1,34.2,34.65,1911925
2007/7/26,35.6,35.6,34.5,34.9,2396610
2007/7/25,35,36.4,35,35.6,1047500
2007/7/24,36.4,36.4,35.5,35.85,2875208
2007/7/23,35.75,36.4,35,35.75,2194570
2007/7/20,36.75,36.75,35.65,35.75,2260926
2007/7/19,34.6,35.95,34.6,35.65,915425
2007/7/18,35.85,36.5,35,35.05,1026175
2007/7/17,36.2,36.25,35.8,36,452367
2007/7/16,38,38.7,35.8,35.85,1288200
2007/7/13,36.15,36.8,35.55,35.9,1453925
2007/7/12,35.4,36.8,34.5,35.4,2209074
2007/7/11,35.9,36,35.5,35.8,1015300
2007/7/10,37,37,36,36.2,2758127
2007/7/9,35.85,36.6,35.7,36.6,3458000
2007/7/6,33.05,36.45,33.05,35,6077639
2007/7/5,32.95,33.15,32.8,33.05,1750432
2007/7/4,32.1,33,32,32.8,2172624
2007/7/3,32.6,33.2,32,32,6246069
2007/6/29,31.2,32.05,31.15,31.5,1821278
2007/6/28,30.55,31.2,30.5,31.1,2869000
2007/6/27,31,31.4,29.9,30.15,2739955
2007/6/26,32,32,30.85,31.35,2354000
2007/6/25,33,33.3,31.4,31.5,2291931
2007/6/22,33,33,31.95,32.35,2140006
2007/6/21,33.2,33.4,32.65,32.65,7673812
2007/6/20,33,33.7,32.65,33,4998249
2007/6/18,31.7,32.9,31.7,32.7,2911992
2007/6/15,32,32.4,31.65,31.9,2645000
2007/6/14,32.8,32.8,32.05,32.15,1609000
2007/6/13,32.3,32.35,31.5,31.9,1116000
2007/6/12,32.2,32.5,32.15,32.2,1169889
2007/6/11,32.2,32.8,31.9,32.5,1055075
2007/6/8,33.1,33.1,31.4,31.95,3187158
2007/6/7,33.2,33.2,32.5,32.95,1102667
2007/6/6,33.7,33.8,32.8,33.2,3351145
2007/6/5,33,33.15,32.3,32.8,8164068
2007/6/4,32.85,32.85,32.2,32.5,1833509
2007/6/1,33.7,33.85,32.35,32.9,10974144
2007/5/31,31.5,33.9,31.3,33.7,26033958
2007/5/30,32.55,32.55,30.5,31.5,6636318
2007/5/29,32.6,32.6,31.8,32.35,4213157
2007/5/28,32.3,33.2,32.05,32.6,4571450
2007/5/25,32,32.3,31.15,32,5216389
2007/5/23,32.4,33.2,32.4,33,3630690
2007/5/22,33.35,34.15,31.8,32.05,5939274
2007/5/21,34,34,32.6,33.25,9063511
2007/5/18,31.5,33,31.45,32.85,6961962
2007/5/17,31.05,32.3,31.05,31.75,7241800
2007/5/16,30,31.1,29.9,30.7,4639000
2007/5/15,30,30.75,30,30.2,4766737
2007/5/14,30,30.45,29.5,30,5796580
2007/5/11,29.2,29.8,29,29.5,1612900
2007/5/10,29.65,30.05,29.1,29.55,2292975
2007/5/9,29.7,29.85,29.4,29.65,2086000
2007/5/8,30.05,30.05,29.1,29.9,1712002
2007/5/7,30,30.2,29.25,30.15,4855920
2007/5/4,30.5,32.5,29.4,30,10923742
2007/5/3,27.3,29.4,27.3,29.1,6877845
2007/5/2,26.7,28,26.65,27.3,2479720
2007/4/30,27.6,27.8,26.7,26.85,3870200
2007/4/27,25.65,28.1,25.65,27.5,13723000
2007/4/26,25.35,25.9,25.2,25.65,2141000
2007/4/25,25.6,25.9,25,25.35,2282500
2007/4/24,25.3,25.7,24.95,25.65,4543000
2007/4/23,25.2,26.1,24.85,25,6539000
2007/4/20,24.35,25.15,24.35,24.9,4687000
2007/4/19,24.7,24.7,23.5,24.35,6894216
2007/4/18,25.25,25.25,24.5,24.7,4198000
2007/4/17,25.3,25.5,25.2,25.25,2666725
2007/4/16,25.7,25.7,25.2,25.3,3336732
2007/4/13,26.25,26.25,24.8,25.1,4094031
2007/4/12,26.5,26.5,25.5,25.85,2462465
2007/4/11,26.7,26.8,25.95,26.05,3452000
2007/4/10,25.25,26.7,25.25,26.25,4694722
2007/4/4,25.25,25.3,25,25.25,4217000
2007/4/3,25.1,25.25,24.75,25.15,3814100
2007/4/2,25.65,25.7,24.95,25.2,1899141
2007/3/30,26,26,25.4,25.5,5316631
2007/3/29,24.85,25.5,24.8,25.35,5051000
2007/3/28,26,26.05,24.65,25.1,6005250
2007/3/27,26.5,26.5,26,26.2,3029332
2007/3/26,27.15,27.2,26.35,26.65,6875877
2007/3/23,26.35,27,25.9,26.95,5616400
2007/3/22,27.45,27.45,25.75,26.25,10229750
2007/3/21,29,29,26,27.5,3379594
2007/3/20,29.75,29.85,28.1,28.5,1308900
2007/3/19,28.25,29.75,28.25,29.75,2108450
2007/3/16,28.15,29.4,28,28.55,1805660
2007/3/15,27.5,28.45,27.5,28.15,1227875
2007/3/14,27.8,27.8,27.05,27.25,1284000
2007/3/13,29.5,29.5,28.3,29,654796
2007/3/12,28.6,29.5,28.4,29.25,981900
2007/3/9,28.1,28.7,28,28.3,1197900
2007/3/8,26.7,28.1,26.7,27.7,1943000
2007/3/7,26.7,26.7,25.85,26.65,2863250
2007/3/6,25.55,25.95,25,25.85,4509100
2007/3/5,26.5,26.6,25.05,25.25,2589000
2007/3/2,27.5,28,26.75,26.95,1874000
2007/3/1,26.9,28.2,26.9,27.5,4221500
2007/2/28,25.15,27.6,25.15,26.85,5150507
2007/2/27,26.7,26.7,26,26.5,2801374
2007/2/26,27.7,27.75,25.95,26.85,6238625
2007/2/23,28.7,28.7,27.25,27.75,3890474
2007/2/22,28.75,29.35,28.65,28.7,2586874
2007/2/21,29.2,29.3,28.5,28.75,2153700
2007/2/16,28.85,29.7,27,29.2,3197963
2007/2/15,29.5,30,28.85,28.95,2889025
2007/2/14,29.8,30.8,29.2,29.4,1276500
2007/2/13,31,31,29.5,29.5,1115228
2007/2/12,30.5,30.5,30,30,535810
2007/2/9,30,30.95,29.9,30.5,2457251
2007/2/8,30.2,30.25,29.3,29.4,1939650
2007/2/7,31,31.5,29.5,29.85,2002627
2007/2/6,31,31,29.3,30.9,2407688
2007/2/5,29.1,31.15,29,30.15,2851284
2007/2/2,29.8,29.85,28.6,29.2,5339123
2007/2/1,30.35,30.35,28.95,28.95,1511029
2007/1/31,30.7,30.9,28.9,30.35,2200000
2007/1/30,30.5,30.9,29.5,30.9,2265000
2007/1/29,31.5,31.5,29.4,30,2444000
2007/1/26,31.7,31.8,30.6,31.6,5458180
2007/1/25,31.5,31.9,31,31.8,2286442
2007/1/24,31.3,31.8,31,31.25,4277376
2007/1/23,30.15,31.5,30.15,30.5,3011536
2007/1/22,30,31.1,30,30.6,3900322
2007/1/19,30.6,30.6,29.85,29.9,7169805
2007/1/18,29.8,30.4,29.5,30.3,5384606
2007/1/17,29.4,29.65,28.7,29.5,2011371
2007/1/16,28.6,29.85,27.9,29.4,4227050
2007/1/15,27.9,28.6,27.9,28.55,1529500
2007/1/12,27.2,28.4,27.2,27.75,5070932
2007/1/11,27.5,27.5,26.8,27,2836359
2007/1/10,26.9,28.35,26.4,27.5,3147050
2007/1/9,27.65,27.65,26.4,26.95,3975838
2007/1/8,28.5,28.8,27.15,27.65,5159880
2007/1/5,28.5,28.6,27.1,28.5,8339761
2007/1/4,27.5,29.5,27.35,28.8,10613500
2007/1/3,27.65,28.3,27.05,27.35,2388742
2007/1/2,27.7,28.05,27,27.2,1171735
2006/12/29,26.95,27.75,26.85,27.7,3425893
2006/12/28,25.65,26.9,25.35,26.8,3186299
2006/12/27,25.7,26.1,25.25,25.7,5902088
2006/12/22,24.95,26.85,24.7,25.7,4296899
2006/12/21,24.45,24.85,24,24.5,3786747
2006/12/20,23,24.2,22.9,24.15,3519400
2006/12/19,23,23.8,22.8,22.9,2998017
2006/12/18,22.55,23.3,22.55,23,2474490
2006/12/15,22.5,23,22.2,22.55,4248936
2006/12/14,22.95,23,22,22.4,2452000
2006/12/13,22.8,22.8,21.75,22.25,4427500
2006/12/12,22.2,23.05,22.2,22.9,2854946
2006/12/11,22.2,22.2,21.8,21.95,3470000
2006/12/8,22.5,23.35,22.1,22.25,1686000
2006/12/7,23.7,23.75,22.3,22.5,2856350
2006/12/6,23,23.75,22.8,23.1,5301000
2006/12/5,21.8,22.7,21.8,22.4,5958000
2006/12/4,21.45,21.5,21.1,21.35,2176000
2006/12/1,21.8,21.85,20.95,21.25,3769555
2006/11/30,21,21.5,21,21.45,3635000
2006/11/29,21.1,21.7,20.35,20.6,4241809
2006/11/28,21.05,22,20.8,20.9,5653931
2006/11/27,22,22.35,21,21.2,2983000
2006/11/24,23,23,21.8,21.95,3892000
2006/11/23,23.7,24.15,22.5,23,8464560
2006/11/22,24,24.2,22.7,23.1,3527440
2006/11/21,21.25,23.75,21.25,23.6,4888243
2006/11/20,21.25,21.5,21.2,21.4,2031000
2006/11/17,21.85,21.85,21.2,21.3,1244876
2006/11/16,21.7,22.1,21.25,21.6,1513000
2006/11/15,22,22.3,21.6,21.7,1320000
2006/11/14,21.95,22.3,21.5,21.65,950602
2006/11/13,21.4,21.95,21.3,21.85,1483000
2006/11/10,21.95,22.4,21.1,21.4,3437882
2006/11/9,20.35,22,20.35,21.95,2843548
2006/11/8,20.25,20.5,20,20.5,959036
2006/11/7,20.9,20.9,20.4,20.5,2127000
2006/11/6,20,20.5,19.9,20.45,4087472
2006/11/3,20.8,20.8,19.94,20.05,2678669
2006/11/2,19.5,20.2,19.4,20.15,6332573
2006/11/1,18.88,19.54,18.76,19.44,7666756
2006/10/31,18.06,18.66,18.02,18.58,4913700
2006/10/27,18.2,18.5,17.9,18.06,1634800
2006/10/26,18,18.32,18,18.2,1816391
2006/10/25,18.1,18.26,17.9,18.02,1117025
2006/10/24,18.26,18.26,18,18.1,1659247
2006/10/23,18.7,18.7,17.88,18.08,2441000
2006/10/20,18.44,18.54,18.44,18.5,1566140
2006/10/19,18.44,18.5,18.36,18.44,1108030
2006/10/18,18.48,18.56,18.34,18.46,653000
2006/10/17,18.2,18.56,18.2,18.48,6174407
2006/10/16,18.14,18.62,18.1,18.18,2759127
2006/10/13,17.9,18.5,17.9,18.1,2721000
2006/10/12,18.06,18.12,17.9,18.02,2757800
2006/10/11,18,18.5,17.92,18,2697000
2006/10/10,18.2,18.3,17.76,18,1650739
2006/10/9,18.3,18.36,17.56,18,1233000
2006/10/6,18.18,18.3,17.7,18.28,2949000
2006/10/5,17.5,18.26,17.46,17.98,4691804
2006/10/4,17.4,17.48,17.26,17.38,1123000
2006/10/3,17.9,17.9,17.4,17.5,3658403
2006/9/29,18.18,18.18,17.8,17.94,4627819
2006/9/28,18.28,18.4,17.96,18.16,1994605
2006/9/27,18.3,18.72,18.24,18.36,2681262
2006/9/26,18.62,18.62,17.74,18.32,1687866
2006/9/25,18.56,18.74,18.54,18.56,1981549
2006/9/22,18.8,18.8,18.48,18.56,2039800
2006/9/21,18.62,18.78,18.5,18.7,2769500
2006/9/20,18.86,18.86,18.26,18.58,2471920
2006/9/19,18.9,18.94,18.62,18.86,6178100
2006/9/18,18.68,18.98,18.68,18.88,5577405
2006/9/15,18.46,18.66,18.4,18.56,2690000
2006/9/14,18.72,18.72,18.14,18.46,4131687
2006/9/13,18.06,18.94,18.06,18.72,4655737
2006/9/12,18.16,18.16,17.78,18,1985760
2006/9/11,18.12,18.3,17.92,18.12,1833390
2006/9/8,18,18.12,17.86,18.1,1811109
2006/9/7,17.68,18.06,17.4,18,3064425
2006/9/6,17.42,17.8,17.42,17.72,2406376
2006/9/5,17.02,17.58,17.02,17.4,1440851
2006/9/4,16.98,17.4,16.98,17.2,1555000
2006/9/1,17,17,16.74,16.98,6661750
2006/8/31,16.84,17.04,16.6,17,2282000
2006/8/30,16.76,17.2,16.72,16.84,2891105
2006/8/29,16.9,16.9,16.6,16.72,1824089
2006/8/28,17.3,17.3,16.38,16.68,2474570
2006/8/25,16.9,17.3,16.8,16.96,4346000
2006/8/24,17,17.1,16.72,16.8,4232760
2006/8/23,17.4,17.4,16.7,16.9,3801040
2006/8/22,17.32,17.4,16.9,17.3,2814200
2006/8/21,17.48,17.74,16.82,17.3,3339000
2006/8/18,17.52,17.52,17.36,17.48,2889000
2006/8/17,17.38,17.86,17.32,17.52,3036500
2006/8/16,16.7,17.48,16.6,17.32,3396000
2006/8/15,16.58,16.7,16.3,16.58,2067000
2006/8/14,16.46,16.78,16.44,16.58,2203300
2006/8/11,16.3,16.58,16.06,16.46,1304000
2006/8/10,16.58,16.58,16,16.1,1424000
2006/8/9,16.4,16.72,16.38,16.54,943035
2006/8/8,16.34,16.54,16.28,16.34,1316000
2006/8/7,16.48,16.82,16.2,16.28,1748815
2006/8/4,16.46,16.7,16.2,16.44,2936570
2006/8/3,15.88,16.6,15.8,16.5,3905680
2006/8/2,15.44,15.9,15.18,15.84,9965500
2006/8/1,14.84,15.56,14.84,15.48,4345000
2006/7/31,14.96,15.04,14.68,14.84,2258000
2006/7/28,14.84,15,14.72,14.96,3643000
2006/7/27,14.82,14.9,14.62,14.86,3038000
2006/7/26,14.7,14.9,14.56,14.82,1506100
2006/7/25,15,15,14.6,14.66,4628000
2006/7/24,14.74,14.74,14.6,14.66,4938000
2006/7/21,14.8,14.85,14.65,14.75,2360000
2006/7/20,15.05,15.2,14.85,14.9,3431000
2006/7/19,14.75,14.8,14.7,14.75,2589000
2006/7/18,15.05,15.05,14.6,14.8,4189796
2006/7/17,15.35,15.35,14.9,15.05,1839500
2006/7/14,15,15.45,14.65,15.45,3259100
2006/7/13,15,15.05,14.8,15,4223000
2006/7/12,14.9,15.1,14.75,15,4397000
2006/7/11,14.4,14.95,14.4,14.9,5884251
2006/7/10,14.95,14.95,13.5,14.55,18094329
2006/7/7,15.9,15.9,15.05,15.5,2369000
2006/7/6,15.9,16,15.5,15.95,1596000
2006/7/5,15.75,16.15,15.7,16,1527000
2006/7/4,16,16.15,15.7,15.7,837500
2006/7/3,16.2,16.2,15.65,15.85,1645276
2006/6/30,16,16.4,15.95,16.3,6514002
2006/6/29,15.65,15.7,15.1,15.65,2573822
2006/6/28,14.85,15.1,14.85,15.1,1866000
2006/6/27,15.5,15.5,14.95,15.1,2137104
2006/6/26,15.65,15.65,15.15,15.45,1183000
2006/6/23,15.35,15.8,15.35,15.5,496000
2006/6/22,16,16.2,15.65,15.75,1813000
2006/6/21,15,15.8,14.9,15.55,2286000
2006/6/20,15.5,15.5,14.7,15.05,4092500
2006/6/19,15.8,15.8,15.35,15.7,1367000
2006/6/16,15.9,16.25,15.5,15.9,7444000
2006/6/15,15.1,15.4,14.95,15.3,5105000
2006/6/14,15.7,15.7,14.4,15.05,6712000
2006/6/13,16.3,16.3,15.35,15.8,9932000
2006/6/12,16.5,17.6,16.4,17.3,4275000
2006/6/9,15.9,16.4,15.9,16.25,4133000
2006/6/8,16.45,16.45,15.55,15.8,6857000
2006/6/7,17.65,17.65,16.2,16.45,5502000
2006/6/6,17.65,18.1,17.4,17.65,3747211
2006/6/5,17.3,17.75,17.3,17.6,2158000
2006/6/2,17.85,17.85,17.1,17.3,4730000
2006/6/1,16.8,18.05,16.7,17.95,6838100
2006/5/30,16.7,17.35,16.6,16.8,4047661
2006/5/29,17.55,17.7,16.7,16.7,5248000
2006/5/26,17.85,18.2,17.5,17.55,6902242
2006/5/25,17.2,18.4,17.1,17.85,20532855
2006/5/24,14.75,15,14.35,14.55,1301000
2006/5/23,14.05,14.75,14.05,14.65,4416666
2006/5/22,15,15.05,14.25,14.5,2069000
2006/5/19,14.5,15.3,14.5,15.05,6338900
2006/5/18,14.5,14.8,14.4,14.55,1532000
2006/5/17,14.75,15.15,14.75,15.1,2968450
2006/5/16,14.8,14.85,14.55,14.8,1812000
2006/5/15,15.4,15.4,14.8,14.95,2484200
2006/5/12,15.8,16.05,15.35,15.45,4468100
2006/5/11,16,16.35,16,16.1,3096980
2006/5/10,16,16.95,15.9,15.9,5465000
2006/5/9,15.6,16.1,15.6,15.8,4944000
2006/5/8,15.6,15.7,15.55,15.6,2231000
2006/5/4,15.45,15.7,15.35,15.7,971000
2006/5/3,15.3,16,15.3,15.6,1178000
2006/5/2,15.7,16.15,15.25,15.55,5222320
2006/4/28,14.95,15.7,14.3,15.7,2574500
2006/4/27,14.4,15.15,14.4,14.95,2220000
2006/4/26,13.9,14.55,13.9,14.35,1660000
2006/4/25,14.6,14.8,13.85,13.9,3882000
2006/4/24,15.1,15.2,14.5,14.6,1478000
2006/4/21,15.1,15.75,14.55,15.15,2941000
2006/4/20,15,15.25,14.5,15.1,5685000
2006/4/19,15.1,15.15,14.95,15.15,6005740
2006/4/18,14.05,15.1,14.05,15.05,7126000
2006/4/13,14.45,14.45,14.05,14.1,3331000
2006/4/12,13.9,14.5,13.8,14.5,4407000
2006/4/11,15,15,13.85,14.05,5809967
2006/4/10,14.15,15.3,13.7,15.15,5684000
2006/4/7,13.65,14.15,13.6,14,6265000
2006/4/6,13.75,13.75,13.25,13.55,5014000
2006/4/4,13.3,13.8,13.25,13.75,3829650
2006/4/3,13.05,13.3,12.8,13.05,6247129
2006/3/31,13.25,13.25,12.95,13.05,4299000
2006/3/30,13.4,13.55,13.15,13.25,3739038
2006/3/29,12.55,13.6,12.55,13.5,6450000
2006/3/28,12.3,12.6,12,12.55,4594217
2006/3/27,12,12.05,11.8,12,2568000
2006/3/24,11.95,12.35,11.95,12,14206893
2006/3/23,11.2,11.6,11,11.55,11317400
2006/3/22,10.85,10.9,10.2,10.25,7780000
2006/3/21,10.95,10.95,10.75,10.85,3922500
2006/3/20,10.9,11.1,10.6,11,2305000
2006/3/17,10.9,11.2,10.75,10.9,6099000
2006/3/16,10.8,11.1,10.8,11,6587086
2006/3/15,10.5,10.95,10.5,10.8,4555500
2006/3/14,10.5,10.65,10.25,10.5,2193000
2006/3/13,10.1,10.4,10,10.35,1875000
2006/3/10,9.85,10,9.85,9.95,577000
2006/3/9,10,10.1,9.95,9.95,1795000
2006/3/8,10.05,10.05,9.8,9.9,3661000
2006/3/7,10.4,10.4,10.05,10.1,2053000
2006/3/6,10.35,10.35,10.05,10.1,2259000
2006/3/3,10.55,10.6,10.2,10.35,2804000
2006/3/2,10.85,11,10.5,10.55,3254000
2006/3/1,10.45,10.85,10.35,10.7,3887000
2006/2/28,10.4,10.6,10.35,10.5,3607000
2006/2/27,10.4,10.5,10.3,10.3,1716000
2006/2/24,10.8,10.8,10.4,10.4,2146758
2006/2/23,11.1,11.1,10.8,10.8,1190000
2006/2/22,11.05,11.25,11.05,11.15,750000
2006/2/21,11.2,11.2,10.8,11.1,1550081
2006/2/20,10.65,11.4,10.6,11.25,5868000
2006/2/17,10.65,10.75,10.4,10.6,2613558
2006/2/16,10.2,10.8,10.1,10.55,4818000
2006/2/15,10.15,10.15,9.95,10.05,1379500
2006/2/14,10,10.15,9.95,10.05,1816462
2006/2/13,10.1,10.2,10,10,2894000
2006/2/10,9.9,10.05,9.9,10,2246000
2006/2/9,10,10.05,9.8,9.9,3150000
2006/2/8,10.1,10.1,9.65,10,6349000
2006/2/7,10.2,10.45,10,10.1,2110935
2006/2/6,9.95,10.25,9.9,10.25,3015437
2006/2/3,9.9,9.95,9.8,9.95,1846000
2006/2/2,10.4,10.45,9.85,9.9,3014000
2006/2/1,10.15,10.35,9.95,10.25,4197000
2006/1/27,9.75,10,9.7,10,1774000
2006/1/26,10,10,9.65,9.75,1602000
2006/1/25,9.8,10.15,9.8,9.85,1344000
2006/1/24,9.75,9.9,9.5,9.75,7210916
2006/1/23,9.7,9.7,9.45,9.65,5788000
2006/1/20,10,10.4,9.8,9.95,1459000
2006/1/19,10,10.15,9.9,10.05,1634000
2006/1/18,10,10.2,9.8,10,3470200
2006/1/17,10.55,10.7,9.9,10.15,6699883
2006/1/16,10,10.55,9.95,10.55,6105000
2006/1/13,9.85,10.15,9.7,10,5387190
2006/1/12,9.3,9.8,9.3,9.75,6729000
2006/1/11,9.4,9.4,9.25,9.3,1452000
2006/1/10,9.5,9.6,9.35,9.4,2862882
2006/1/9,9.4,9.55,9.35,9.5,10245382
2006/1/6,8.9,9.45,8.75,9.4,5057000
2006/1/5,9.1,9.15,8.7,8.9,3356546
2006/1/4,8.8,9.15,8.75,9.05,7345438
2006/1/3,8.35,8.8,8.35,8.75,8852000
2005/12/30,8.3,8.3,8.2,8.3,2226530
2005/12/29,8.3,8.4,8.2,8.25,3762000
2005/12/28,8.45,8.45,8.25,8.25,1699000
2005/12/23,8.5,8.5,8.45,8.45,1451000
2005/12/22,8.35,8.55,8.35,8.5,2982000
2005/12/21,8.4,8.55,8.3,8.4,3829820
2005/12/20,8.2,8.45,8.2,8.35,6651000
2005/12/19,8.2,8.25,8.15,8.2,2934000
2005/12/16,8.4,8.4,8.15,8.2,2589689
2005/12/15,8.45,8.45,8.35,8.4,2729000
2005/12/14,8.5,8.55,8.4,8.45,1806000
2005/12/13,8.6,8.6,8.4,8.5,1309000
2005/12/12,8.3,8.55,8.25,8.5,4501000
2005/12/9,8.25,8.35,8.2,8.25,2286000
2005/12/8,8.15,8.3,8.15,8.3,2266000
2005/12/7,8.25,8.25,8.15,8.2,2099000
2005/12/6,8.25,8.35,8.2,8.3,3185000
2005/12/5,8.2,8.45,8.2,8.4,4247530
2005/12/2,8.25,8.4,8,8.15,4286000
2005/12/1,7.95,8.2,7.95,8.2,4610000
2005/11/30,8.2,8.3,7.85,7.85,9414000
2005/11/29,8.35,8.35,8.15,8.15,3528000
2005/11/28,8.6,8.65,8.3,8.35,2822000
2005/11/25,8.6,8.7,8.5,8.6,6394000
2005/11/24,8.05,8.7,8.05,8.6,17768779
2005/11/23,8.3,8.3,7.8,8,10085000
2005/11/22,8.3,8.4,8.2,8.2,5408000
2005/11/21,8.35,8.35,8.25,8.25,3522000
2005/11/18,8.15,8.3,8.1,8.2,9712000
2005/11/17,7.7,8.1,7.7,7.9,27110000
2005/11/16,8.4,8.5,7.25,7.3,39900000
2005/11/15,8.4,8.55,8.35,8.45,7084000
2005/11/14,8.9,8.95,8.1,8.25,10392000
2005/11/11,8.75,9,8.75,8.9,2815000
2005/11/10,8.7,8.75,8.6,8.6,473200
2005/11/9,8.8,8.8,8.6,8.65,1953000
2005/11/8,8.5,8.8,8.5,8.8,2375000
2005/11/7,8.65,8.8,8.35,8.5,1777000
2005/11/4,9,9.05,8.5,8.65,2985000
2005/11/3,8.7,9.1,8.7,9,4198000
2005/11/2,8.4,8.65,8.3,8.65,1954800
2005/11/1,8.25,8.4,8.15,8.25,2141000
2005/10/31,8.2,8.2,8,8.05,1960000
2005/10/28,8.05,8.1,7.9,8,4241000
2005/10/27,8.25,8.25,8.1,8.15,926000
2005/10/26,8.1,8.25,8.05,8.25,2484000
2005/10/25,8.6,8.75,7.95,8.05,2065000
2005/10/24,8.85,8.9,8.35,8.45,3920000
2005/10/21,8.35,9.1,8.3,8.75,6357132
2005/10/20,8.3,8.4,8.2,8.4,2981000
2005/10/19,8.1,8.25,7.9,8,1448725
2005/10/18,8.35,8.35,7.85,8.15,3297000
2005/10/17,8.3,8.35,8.25,8.3,1150000
2005/10/14,8.3,8.35,8.1,8.2,2176000
2005/10/13,8.1,8.35,8.05,8.3,3342000
2005/10/12,8.85,8.85,8.15,8.25,4260000
2005/10/10,9.1,9.1,8.8,8.85,666000
2005/10/7,9.05,9.05,8.75,8.95,1870943
2005/10/6,9.1,9.2,8.85,9.05,1285190
2005/10/5,9.3,9.3,9.1,9.2,4065678
2005/10/4,9.3,9.4,9.3,9.35,2402000
2005/10/3,9.4,9.7,9.3,9.4,2814000
2005/9/30,9.45,9.5,9.15,9.4,3351000
2005/9/29,8.8,9.5,8.75,9.35,8444000
2005/9/28,8.8,8.9,8.65,8.75,2101000
2005/9/27,8.9,9.25,8.75,8.8,5750000
2005/9/26,8.9,9,8.8,8.85,2162000
2005/9/23,8.95,9,8.7,9,2388000
2005/9/22,8.4,9.1,8.35,8.85,6899000
2005/9/21,8.3,8.7,8.25,8.4,8488000
2005/9/20,8.05,8.35,8.05,8.25,3682492
2005/9/16,8.05,8.1,7.8,7.95,6020000
2005/9/15,8.2,8.2,7.9,8.05,11902000
2005/9/14,8.4,8.55,8.4,8.5,2160000
2005/9/13,8.7,8.75,8.3,8.35,5833000
2005/9/12,8.15,8.65,8.15,8.55,7608000
2005/9/9,8,8.3,8,8.15,5616000
2005/9/8,7.8,8,7.75,8,6858000
2005/9/7,7.85,8.1,7.85,7.95,3046000
2005/9/6,8.1,8.1,7.7,7.75,2032000
2005/9/5,8.25,8.3,7.95,7.95,4497000
2005/9/2,8.2,8.35,8.05,8.3,6078000
2005/9/1,7.6,8.2,7.55,8.15,10528400
2005/8/31,7.6,7.65,7.4,7.55,3981406
2005/8/30,7.75,7.8,7.4,7.5,5384000
2005/8/29,7.9,7.9,7.65,7.7,8818000
2005/8/26,7.55,8,7.45,7.95,10889500
2005/8/25,7.3,7.55,7.3,7.55,9227350
2005/8/24,7.2,7.4,7,7.2,5444000
2005/8/23,7,7.1,6.9,7.05,2002000
2005/8/22,7.05,7.05,6.9,7,805000
2005/8/19,6.85,7,6.75,6.95,1438000
2005/8/18,7.15,7.15,6.65,6.85,5675000
2005/8/17,7.2,7.3,7.05,7.15,8322670
2005/8/16,7.6,7.6,7.2,7.3,6752300
2005/8/15,7.55,7.65,7.3,7.6,8624980
2005/8/12,6.7,7.45,6.7,7.35,22241000
2005/8/11,6.4,6.6,6.3,6.55,4610000
2005/8/10,6.25,6.4,6.2,6.4,3980000
2005/8/9,6.1,6.25,6.1,6.15,8830000
2005/8/8,6,6.1,5.95,6,5648155
2005/8/5,5.95,6,5.75,5.85,2448000
2005/8/4,6,6.05,5.95,5.95,3332000
2005/8/3,6,6,5.75,5.9,7106000
2005/8/2,6.1,6.15,5.95,5.95,1919000
2005/8/1,6.1,6.1,6,6.05,2373000
2005/7/29,6.1,6.1,6.05,6.1,1283000
2005/7/28,6.15,6.2,6.05,6.1,664000
2005/7/27,6.1,6.1,6.05,6.1,615000
2005/7/26,6.05,6.15,6,6,2202000
2005/7/25,5.75,6.05,5.75,6,7998000
2005/7/22,6.05,6.05,5.75,5.85,8476000
2005/7/21,6,6.2,6,6.05,4971000
2005/7/20,6.1,6.1,5.95,5.95,8534000
2005/7/19,6.2,6.2,5.95,6.1,4941000
2005/7/18,6.35,6.4,6.2,6.2,5164000
2005/7/15,6.4,6.4,6.25,6.35,1403000
2005/7/14,6.2,6.45,6.2,6.4,22933000
2005/7/13,6.2,6.3,6.2,6.25,5692000
2005/7/12,6.4,6.45,6.2,6.3,9091730
2005/7/11,6.1,6.45,6.1,6.4,6153000
2005/7/8,5.95,6.1,5.95,6.05,6314185
2005/7/7,6.1,6.1,5.9,5.9,5022000
2005/7/6,5.95,6.15,5.95,6.15,6027000
2005/7/5,5.9,6,5.9,5.95,1524000
2005/7/4,5.9,6.05,5.85,5.9,4772000
2005/6/30,6.15,6.2,5.85,5.9,6329000
2005/6/29,6.2,6.2,6.15,6.15,1892000
2005/6/28,6.3,6.3,6.05,6.1,10465000
2005/6/27,6.4,6.45,6.35,6.4,3613000
2005/6/24,6.5,6.5,6.35,6.45,10540490
2005/6/23,6.4,6.65,6.4,6.5,9232450
2005/6/22,6.2,6.5,6.15,6.45,4953000
2005/6/21,6.2,6.2,6.15,6.15,1607000
2005/6/20,6.2,6.25,6.15,6.25,4541000
2005/6/17,5.9,6.3,5.9,6.25,8368000
2005/6/16,6,6,5.75,5.95,1788000
2005/6/15,6.05,6.05,5.95,6,928000
2005/6/14,5.9,6.1,5.9,6,6057095
2005/6/13,5.9,5.95,5.8,5.9,1889500
2005/6/10,5.95,6.05,5.85,5.9,2103200
2005/6/9,5.95,6,5.85,5.95,2727000
2005/6/8,5.8,6,5.8,5.95,9900622
2005/6/7,5.8,5.85,5.75,5.8,2429000
2005/6/6,5.7,5.85,5.7,5.8,5853000
2005/6/3,5.85,6,5.65,5.65,5985500
2005/6/2,5.6,5.9,5.6,5.8,19797000
2005/6/1,5.55,5.6,5.55,5.55,4333000
2005/5/31,5.55,5.55,5.5,5.55,14651000
2005/5/30,5.6,5.6,5.5,5.5,2714000
2005/5/27,5.6,5.65,5.45,5.6,7556000
2005/5/26,5.45,5.6,5.35,5.55,4412000
2005/5/25,5.5,5.55,5.4,5.45,4430000
2005/5/24,5.5,5.5,5.4,5.45,2274000
2005/5/23,5.5,5.5,5.4,5.5,2236405
2005/5/20,5.6,5.65,5.5,5.5,3396000
2005/5/19,5.25,5.65,5.2,5.6,10867000
2005/5/18,5.35,5.4,5.2,5.3,2181000
2005/5/17,5.3,5.35,5.2,5.35,892000
2005/5/13,5.4,5.4,5.25,5.25,4068000
2005/5/12,5.5,5.55,5.4,5.5,1818000
2005/5/11,5.6,5.6,5.45,5.45,2806000
2005/5/10,5.7,5.7,5.6,5.6,4052000
2005/5/9,5.6,5.65,5.5,5.6,2644000
2005/5/6,5.65,5.7,5.55,5.6,1894000
2005/5/5,5.5,5.7,5.5,5.65,3691000
2005/5/4,5.5,5.5,5.45,5.5,621000
2005/5/3,5.4,5.55,5.4,5.5,3468000
2005/4/29,5.5,5.5,5.3,5.4,2967000
2005/4/28,5.5,5.6,5.5,5.6,2214600
2005/4/27,5.35,5.5,5.3,5.45,9303590
2005/4/26,5.3,5.4,5.2,5.35,3919000
2005/4/25,5.3,5.3,5.2,5.2,2798000
2005/4/22,5.2,5.35,5.2,5.35,4404000
2005/4/21,5.1,5.1,5.05,5.1,2078000
2005/4/20,5.15,5.2,5.1,5.1,2183000
2005/4/19,5.05,5.15,5,5.1,4980900
2005/4/18,5.1,5.15,5.05,5.05,4492000
2005/4/15,5.3,5.3,5.15,5.2,2426000
2005/4/14,5.45,5.45,5.3,5.4,2850000
2005/4/13,5.55,5.55,5.4,5.5,813340
2005/4/12,5.5,5.6,5.5,5.55,2912000
2005/4/11,5.55,5.55,5.4,5.45,1894000
2005/4/8,5.6,5.6,5.5,5.5,2664000
2005/4/7,5.6,5.6,5.5,5.55,3660000
2005/4/6,5.5,5.55,5.45,5.55,2822000
2005/4/4,5.65,5.65,5.45,5.5,3567000
2005/4/1,5.7,5.7,5.45,5.65,2530000
2005/3/31,5.75,5.8,5.65,5.65,5633500
2005/3/30,5.7,5.8,5.65,5.75,5079700
2005/3/29,5.75,5.85,5.75,5.8,5620000
2005/3/24,5.65,5.95,5.55,5.8,14701000
2005/3/23,5.4,5.6,5.4,5.55,4839000
2005/3/22,5.5,5.55,5.4,5.5,3881010
2005/3/21,5.3,5.7,5.15,5.55,16010000
2005/3/18,5.2,5.3,5.1,5.25,4892000
2005/3/17,5,5.2,4.975,5.2,6335000
2005/3/16,5.05,5.15,4.975,5.05,2490000
2005/3/15,5.2,5.2,5.05,5.1,2476000
2005/3/14,5.2,5.25,5.2,5.2,1076000
2005/3/11,5.3,5.3,5.15,5.25,2964000
2005/3/10,5.2,5.4,5.15,5.35,3955000
2005/3/9,5.3,5.3,5.2,5.2,1498000
2005/3/8,5.3,5.45,5.3,5.3,3979000
2005/3/7,5.3,5.35,5.25,5.3,4069000
2005/3/4,5.15,5.35,5.15,5.2,5255000
2005/3/3,5.05,5.1,5,5.1,1897300
2005/3/2,5.15,5.15,5.05,5.05,1188300
2005/3/1,5.15,5.15,5.05,5.15,1000000
2005/2/28,5.3,5.35,4.975,5.1,5378000
2005/2/25,5.25,5.3,5.2,5.25,2822000
2005/2/24,5.3,5.3,5.15,5.15,2640000
2005/2/23,5.3,5.3,5.05,5.2,9458000
2005/2/22,5.35,5.35,5.2,5.25,5682400
2005/2/21,4.95,5.4,4.95,5.35,41720000
2005/2/18,4.9,4.925,4.85,4.925,1133000
2005/2/17,4.9,4.975,4.85,4.9,2298702
2005/2/16,4.925,4.95,4.8,4.85,1872150
2005/2/15,5,5,4.825,4.9,4308000
2005/2/14,4.875,5,4.85,5,6661000
2005/2/8,4.975,4.975,4.75,4.825,5978000
2005/2/7,5.1,5.1,4.95,4.95,3453000
2005/2/4,4.8,5.2,4.8,5,15424000
2005/2/3,4.825,4.925,4.75,4.8,2230800
2005/2/2,4.75,4.85,4.7,4.85,10699000
2005/2/1,4.55,4.7,4.55,4.675,4986800
2005/1/31,4.5,4.55,4.45,4.525,3523000
2005/1/28,4.45,4.525,4.425,4.5,4905000
2005/1/27,4.475,4.525,4.45,4.45,4699000
2005/1/26,4.575,4.575,4.4,4.475,2788000
2005/1/25,4.45,4.5,4.3,4.475,4481000
2005/1/24,4.3,4.45,4.275,4.45,7805000
2005/1/21,4.5,4.5,4.275,4.325,6267000
2005/1/20,4.6,4.6,4.425,4.525,8175000
2005/1/19,4.725,4.775,4.575,4.65,3323000
2005/1/18,4.775,4.775,4.65,4.7,3960000
2005/1/17,4.75,4.75,4.7,4.75,3691000
2005/1/14,4.65,4.8,4.65,4.75,5919000
2005/1/13,4.75,4.775,4.625,4.675,4107000
2005/1/12,4.8,4.8,4.725,4.75,4860000
2005/1/11,4.9,4.9,4.725,4.775,8301000
2005/1/10,4.75,4.975,4.75,4.85,7212000
2005/1/7,4.7,4.75,4.65,4.75,7487000
2005/1/6,4.7,4.725,4.65,4.7,8217800
2005/1/5,4.75,4.75,4.65,4.7,9699000
2005/1/4,4.675,4.8,4.65,4.775,16490000
2005/1/3,4.7,4.75,4.625,4.65,8517000
2004/12/31,4.65,4.725,4.625,4.65,7767000
2004/12/30,4.725,4.75,4.625,4.65,7040000
2004/12/29,4.875,4.875,4.625,4.725,8359000
2004/12/28,4.975,4.975,4.775,4.875,6441000
2004/12/24,4.875,4.975,4.875,4.975,4175000
2004/12/23,5,5,4.675,4.85,25722000
2004/12/22,5.55,5.6,5.05,5.1,17087000
2004/12/21,5.4,5.65,5.4,5.55,8565000
2004/12/20,5.55,5.6,5.25,5.3,8084000
2004/12/17,5.7,5.7,5.55,5.55,1741000
2004/12/16,5.85,5.85,5.65,5.75,1255000
2004/12/15,5.55,5.8,5.55,5.75,8012000
2004/12/14,5.7,5.7,5.5,5.55,10572000
2004/12/13,5.7,5.75,5.6,5.7,3166000
2004/12/10,5.5,5.75,5.45,5.6,4792000
2004/12/9,5.5,5.55,5.4,5.45,3940000
2004/12/8,5.55,5.55,5.4,5.4,4555000
2004/12/7,5.9,5.9,5.45,5.55,10534000
2004/12/6,5.9,6,5.85,5.85,923000
2004/12/3,6.15,6.35,5.85,5.85,5769000
2004/12/2,5.95,6.1,5.85,6.05,7263000
2004/12/1,5.9,5.9,5.7,5.75,4494000
2004/11/30,5.75,6.05,5.75,5.9,4080000
2004/11/29,5.5,5.95,5.5,5.85,11656000
2004/11/26,5.15,5.55,5.15,5.45,9848000
2004/11/25,5.2,5.35,5.1,5.25,5813000
2004/11/24,5.45,5.45,5.15,5.15,6270000
2004/11/23,5.1,5.5,5.1,5.4,9782000
2004/11/22,4.925,5.25,4.875,5.1,12146000
2004/11/19,4.7,4.925,4.675,4.9,12685000
2004/11/18,5.05,5.25,4.675,4.675,31583000
2004/11/17,4.65,5.15,4.65,5.05,28680000
2004/11/16,4.625,4.675,4.575,4.675,6360000
2004/11/15,4.625,4.775,4.625,4.65,11964000
2004/11/12,4.625,4.675,4.55,4.625,6530000
2004/11/11,4.575,4.575,4.5,4.525,2308000
2004/11/10,4.625,4.625,4.55,4.575,2129000
2004/11/9,4.55,4.65,4.525,4.55,4851000
2004/11/8,4.5,4.525,4.45,4.5,2493000
2004/11/5,4.525,4.575,4.45,4.525,4452000
2004/11/4,4.7,4.7,4.425,4.45,6993000
2004/11/3,4.7,4.75,4.625,4.7,4359000
2004/11/2,4.6,4.8,4.575,4.775,7451000
2004/11/1,4.55,4.6,4.525,4.575,922000
2004/10/29,4.55,4.675,4.525,4.575,4587000
2004/10/28,4.525,4.8,4.525,4.65,21639000
2004/10/27,4.325,4.475,4.325,4.45,9618000
2004/10/26,4.15,4.2,4.125,4.175,4015000
2004/10/25,4.3,4.3,4.175,4.2,3912000
2004/10/21,4.375,4.375,4.275,4.3,4515000
2004/10/20,4.55,4.575,4.325,4.375,3735000
2004/10/19,4.6,4.675,4.475,4.575,2197000
2004/10/18,4.525,4.675,4.525,4.6,6817000
2004/10/15,4.375,4.525,4.35,4.525,2853000
2004/10/14,4.4,4.475,4.325,4.425,3882000
2004/10/13,4.55,4.55,4.35,4.4,5590000
2004/10/12,4.5,4.575,4.45,4.55,12973000
2004/10/11,4.275,4.575,4.275,4.475,20116580
2004/10/8,4.35,4.4,4.15,4.275,8688500
2004/10/7,4.3,4.4,4.25,4.3,9895000
2004/10/6,4.2,4.325,4.2,4.275,19159910
2004/10/5,3.95,4.3,3.95,4.175,22494640
2004/10/4,3.8,3.975,3.8,3.925,6206000
2004/9/30,3.825,3.825,3.75,3.8,3282000
2004/9/28,3.75,3.8,3.75,3.8,2124000
2004/9/27,3.8,3.825,3.775,3.8,1303000
2004/9/24,3.875,3.875,3.775,3.8,4383000
2004/9/23,3.8,3.9,3.8,3.875,1612000
2004/9/22,3.825,3.85,3.8,3.825,1521000
2004/9/21,3.9,3.975,3.825,3.85,4143000
2004/9/20,3.875,3.9,3.775,3.85,2416000
2004/9/17,3.925,3.925,3.85,3.85,3699000
2004/9/16,3.8,3.925,3.75,3.9,12604000
2004/9/15,3.7,3.825,3.675,3.775,14480000
2004/9/14,3.5,3.65,3.5,3.6,3611000
2004/9/13,3.625,3.625,3.45,3.475,7420000
2004/9/10,3.65,3.7,3.625,3.7,622000
2004/9/9,3.675,3.7,3.65,3.65,692000
2004/9/8,3.75,3.75,3.675,3.725,1711000
2004/9/7,3.675,3.775,3.675,3.775,8060000
2004/9/6,3.6,3.675,3.575,3.65,2437000
2004/9/3,3.65,3.65,3.575,3.6,1870000
2004/9/2,3.65,3.65,3.6,3.625,3049000
2004/9/1,3.675,3.675,3.6,3.625,2072000
2004/8/31,3.525,3.675,3.475,3.65,2290000
2004/8/30,3.5,3.55,3.475,3.5,2126000
2004/8/27,3.45,3.525,3.425,3.5,9896000
2004/8/26,3.55,3.575,3.375,3.4,8416000
2004/8/25,3.625,3.625,3.475,3.5,4818000
2004/8/24,3.65,3.65,3.55,3.6,3268000
2004/8/23,3.75,3.75,3.575,3.65,2150000
2004/8/20,3.725,3.725,3.675,3.725,3456000
2004/8/19,3.725,3.8,3.675,3.7,3979000
2004/8/18,3.75,3.75,3.7,3.725,676000
2004/8/17,3.75,3.75,3.675,3.7,893500
2004/8/16,3.7,3.775,3.6,3.75,2665000
2004/8/13,3.675,3.75,3.675,3.75,977000
2004/8/12,3.675,3.75,3.625,3.75,5173000
2004/8/11,3.925,3.925,3.675,3.7,6565000
2004/8/10,4.05,4.05,3.875,3.875,4209000
2004/8/9,4,4,3.95,4,4497000
2004/8/6,3.925,4.05,3.925,4,4334000
2004/8/5,3.9,4.025,3.9,3.975,6785000
2004/8/4,3.925,3.925,3.825,3.875,2849000
2004/8/3,3.9,3.975,3.875,3.975,12739000
2004/8/2,3.85,3.875,3.7,3.875,5352000
2004/7/30,3.8,3.875,3.725,3.85,10065000
2004/7/29,3.625,3.775,3.6,3.75,3498000
2004/7/28,3.725,3.75,3.625,3.675,4205000
2004/7/27,3.375,3.725,3.375,3.725,17906000
2004/7/26,3.45,3.5,3.375,3.375,7439000
2004/7/23,3.55,3.575,3.5,3.525,4668000
2004/7/22,3.75,3.75,3.5,3.55,13831000
2004/7/21,3.8,3.875,3.75,3.8,10495000
2004/7/20,3.725,3.775,3.7,3.75,3436000
2004/7/19,3.7,3.775,3.6,3.775,5321000
2004/7/16,3.65,3.75,3.625,3.7,4126500
2004/7/15,3.825,3.825,3.55,3.675,11319000
2004/7/14,4.025,4.025,3.75,3.775,19638000
2004/7/13,4,4.05,3.975,4.025,10934000
2004/7/12,4.075,4.125,3.975,3.975,11970000
2004/7/9,4.1,4.125,4.025,4.075,9376000
2004/7/8,4.25,4.25,4.075,4.1,21149000
2004/7/7,4.375,4.375,4.25,4.275,13135000
2004/7/6,4.375,4.45,4.35,4.4,15429000
2004/7/5,4.325,4.4,4.325,4.375,14264000
2004/7/2,4.275,4.375,4.175,4.35,13026000
2004/6/30,4.35,4.425,4.3,4.3,12217000
2004/6/29,4.3,4.425,4.3,4.325,15081500
2004/6/28,4.375,4.4,4.25,4.3,14746000
2004/6/25,4.475,4.55,4.35,4.4,21212500
2004/6/24,4.475,4.525,4.325,4.475,34723000
2004/6/23,4.05,4.45,4.025,4.425,55016000
2004/6/21,4.125,4.125,3.95,4,22817000
2004/6/18,4.2,4.25,3.95,4.025,36598000
2004/6/17,4.15,4.375,4.125,4.225,83801500
2004/6/16,4.375,4.625,4.075,4.15,439775000
